{"area": [[1, 1, 0.0, 999.99, "IEEE14"]],
 "branch": [[1,
             2,
             "1",
             0.01938,
             0.05917,
             0.0528,
             0.0,
             0.0,
             0.0,
             0.0,
             0.0,
             0.0,
             0.0,
             1,
             1,
             0.0,
             1,
             1.0],
            [1,
             5,
             "1",
             0.05403,
             0.22304,
             0.0492,
             0.0,
             0.0,
             0.0,
             0.0,
             0.0,
             0.0,
             0.0,
             1,
             1,
             0.0,
             1,
             1.0],
            [2,
             3,
             "1",
             0.04699,
             0.19797,
             0.0438,
             0.0,
             0.0,
             0.0,
             0.0,
             0.0,
             0.0,
             0.0,
             1,
             1,
             0.0,
             1,
             1.0],
            [2,
             4,
             "1",
             0.05811,
             0.17632,
             0.034,
             0.0,
             0.0,
             0.0,
             0.0,
             0.0,
             0.0,
             0.0,
             1,
             1,
             0.0,
             1,
             1.0],
            [2,
             5,
             "1",
             0.05695,
             0.17388,
             0.0346,
             0.0,
             0.0,
             0.0,
             0.0,
             0.0,
             0.0,
             0.0,
             1,
             1,
             0.0,
             1,
             1.0],
            [3,
             4,
             "1",
             0.06701,
             0.17103,
             0.0128,
             0.0,
             0.0,
             0.0,
             0.0,
             0.0,
             0.0,
             0.0,
             1,
             1,
             0.0,
             1,
             1.0],
            [4,
             5,
             "1",
             0.01335,
             0.04211,
             0.0,
             0.0,
             0.0,
             0.0,
             0.0,
             0.0,
             0.0,
             0.0,
             1,
             1,
             0.0,
             1,
             1.0],
            [6,
             11,
             "1",
             0.09498,
             0.1989,
             0.0,
             0.0,
             0.0,
             0.0,
             0.0,
             0.0,
             0.0,
             0.0,
             1,
             1,
             0.0,
             1,
             1.0],
            [6,
             12,
             "1",
             0.12291,
             0.25581,
             0.0,
             0.0,
             0.0,
             0.0,
             0.0,
             0.0,
             0.0,
             0.0,
             1,
             1,
             0.0,
             1,
             1.0],
            [6,
             13,
             "1",
             0.06615,
             0.13027,
             0.0,
             0.0,
             0.0,
             0.0,
             0.0,
             0.0,
             0.0,
             0.0,
             1,
             1,
             0.0,
             1,
             1.0],
            [7,
             8,
             "1",
             0.0,
             0.17615,
             0.0,
             0.0,
             0.0,
             0.0,
             0.0,
             0.0,
             0.0,
             0.0,
             1,
             1,
             0.0,
             1,
             1.0],
            [7,
             9,
             "1",
             0.0,
             0.11001,
             0.0,
             0.0,
             0.0,
             0.0,
             0.0,
             0.0,
             0.0,
             0.0,
             1,
             1,
             0.0,
             1,
             1.0],
            [9,
             10,
             "1",
             0.03181,
             0.0845,
             0.0,
             0.0,
             0.0,
             0.0,
             0.0,
             0.0,
             0.0,
             0.0,
             1,
             1,
             0.0,
             1,
             1.0],
            [9,
             14,
             "1",
             0.12711,
             0.27038,
             0.0,
             0.0,
             0.0,
             0.0,
             0.0,
             0.0,
             0.0,
             0.0,
             1,
             1,
             0.0,
             1,
             1.0],
            [10,
             11,
             "1",
             0.08205,
             0.19207,
             0.0,
             0.0,
             0.0,
             0.0,
             0.0,
             0.0,
             0.0,
             0.0,
             1,
             1,
             0.0,
             1,
             1.0],
            [12,
             13,
             "1",
             0.22092,
             0.19988,
             0.0,
             0.0,
             0.0,
             0.0,
             0.0,
             0.0,
             0.0,
             0.0,
             1,
             1,
             0.0,
             1,
             1.0],
            [13,
             14,
             "1",
             0.17093,
             0.34802,
             0.0,
             0.0,
             0.0,
             0.0,
             0.0,
             0.0,
             0.0,
             0.0,
             1,
             1,
             0.0,
             1,
             1.0]],
 "bus": [[1, "BUS 1", 138.0, 3, 1, 1, 1, 1.06, 0.0, 1.1, 0.9, 1.1, 0.9],
         [2, "BUS 2", 138.0, 2, 1, 1, 1, 1.045, -4.9826, 1.1, 0.9, 1.1, 0.9],
         [3, "BUS 3", 138.0, 2, 1, 1, 1, 1.01, -12.725, 1.1, 0.9, 1.1, 0.9],
         [4, "BUS 4", 138.0, 1, 1, 1, 1, 1.01767, -10.3128, 1.1, 0.9, 1.1, 0.9],
         [5, "BUS 5", 138.0, 1, 1, 1, 1, 1.01951, -8.7738, 1.1, 0.9, 1.1, 0.9],
         [6, "BUS 6", 138.0, 2, 1, 1, 1, 1.07, -14.2209, 1.1, 0.9, 1.1, 0.9],
         [7, "BUS 7", 138.0, 1, 1, 1, 1, 1.06152, -13.3596, 1.1, 0.9, 1.1, 0.9],
         [8, "BUS 8", 138.0, 2, 1, 1, 1, 1.09, -13.3596, 1.1, 0.9, 1.1, 0.9],
         [9, "BUS 9", 138.0, 1, 1, 1, 1, 1.05593, -14.9385, 1.1, 0.9, 1.1, 0.9],
         [10,
          "BUS 10",
          138.0,
          1,
          1,
          1,
          1,
          1.05099,
          -15.0972,
          1.1,
          0.9,
          1.1,
          0.9],
         [11,
          "BUS 11",
          138.0,
          1,
          1,
          1,
          1,
          1.05691,
          -14.7906,
          1.1,
          0.9,
          1.1,
          0.9],
         [12,
          "BUS 12",
          138.0,
          1,
          1,
          1,
          1,
          1.05519,
          -15.0755,
          1.1,
          0.9,
          1.1,
          0.9],
         [13,
          "BUS 13",
          138.0,
          1,
          1,
          1,
          1,
          1.05038,
          -15.1562,
          1.1,
          0.9,
          1.1,
          0.9],
         [14,
          "BUS 14",
          138.0,
          1,
          1,
          1,
          1,
          1.03553,
          -16.0336,
          1.1,
          0.9,
          1.1,
          0.9]],
 "comment": ["08/19/93 UW ARCHIVE           100.0  1962 W IEEE 14 BUS TES"],
 "comment2": [""],
 "facts device": [],
 "fixed shunt": [[9, "1", 1, 0.0, 19.0]],